Top queries,Clicks,Impressions,CTR,Position
თვითგანვითარება,9,25,36%,1.72
ყველაზე კარგი ანტიდეპრესანტი,6,199,3.02%,5.5
ფსიქოლოგიის მიმართულებები,6,28,21.43%,3.32
სისტემური განლაგება,4,183,2.19%,8.62
ცოდნისმოყვარე პოდკასტი,4,71,5.63%,2.04
ნუგზარ ძიძიგური,4,70,5.71%,7.94
გვანცა ველთაური,3,40,7.5%,3.98
ანტიდეპრესანტები,2,89,2.25%,9.91
დაბალი თვითშეფასება,2,30,6.67%,6.3
რობერტ ჩალდინი,2,19,10.53%,6.89
ექსპერიმენტი,1,25,4%,5.52
ცნობისმოყვარე პოდკასტი,1,19,5.26%,2.74
ფსიქოლოგიური წიგნები,1,19,5.26%,21.89
ფსიქოლოგიური წიგნები pdf,1,12,8.33%,25.83
აგრესია და მისი გამომწვევი მიზეზები,1,5,20%,8.6
წიგნი ფსიქოლოგიაზე,1,1,100%,16
აგრესია,0,53,0%,29.36
შფოთვა სიმპტომები,0,37,0%,55.3
თვითშეფასება,0,36,0%,43.75
რობერტ ჩალდინი გავლენის ფსიქოლოგია pdf,0,27,0%,9.04
შფოთვა მკურნალობა,0,22,0%,47.23
რა არის შფოთვა,0,19,0%,40.74
პასიური აგრესია,0,18,0%,8.11
შფოთვა,0,17,0%,64.82
როგორ ვმართოთ ბავშვის აგრესია,0,15,0%,63.73
მასობრივი როლების მონაწილე,0,14,0%,3.64
რას იწვევს ანტიდეპრესანტები,0,14,0%,9.71
პაროქსიზმული შფოთვა,0,13,0%,37.08
ანტიდეპრესანტი,0,12,0%,9.08
აშის ექსპერიმენტი,0,11,0%,4.09
ახალი თაობის ანტიდეპრესანტი,0,9,0%,8.11
წიგნები ფსიქოლოგიაზე,0,9,0%,22.11
მოუსვენრობა შფოთვა,0,9,0%,63.22
დიდი წიგნი ფსიქოლოგიაზე,0,8,0%,23.38
ფსიქოლოგია,0,7,0%,84.43
ქცევის ფსიქოლოგია,0,6,0%,9.17
წამყვანი,0,6,0%,10.5
ფსიქოლოგის გაკვეთილები,0,5,0%,7.4
ანტიდეპრესანტების ჩამონათვალი,0,5,0%,10.4
სოციალური შფოთვა,0,5,0%,10.4
დეპრესია,0,5,0%,59.6
ფსიქოლოგიის გაკვეთილები,0,4,0%,4.75
ფსიქოლოგიის განხრები,0,4,0%,10.5
თვითშეფასება წიგნი,0,4,0%,28.25
შიშები და შფოთვა,0,4,0%,36.75
შფოთვა ძილში,0,4,0%,44.5
შიში,0,3,0%,5
ია ბერსენაძე ფსიქოლოგი,0,3,0%,8
ჰოვარდ გარდნერი,0,3,0%,9
ტრიციკლური ანტიდეპრესანტები,0,3,0%,9.67
დეპრესია სიმპტომები,0,3,0%,13.67
my pen.ge,0,2,0%,7.5
ჰალოს ეფექტი,0,2,0%,9
antidepresanti,0,2,0%,10
ანტიდეპრესანტი განმარტება,0,2,0%,10
მსუბუქი ანტიდეპრესანტი,0,2,0%,10
საუკეთესო ანტიდეპრესანტი,0,2,0%,16
ძლიერი ანტიდეპრესანტი,0,2,0%,17
სტრუქტურალიზმი,0,2,0%,29
შფოთვითი აშლილობა სიმპტომები,0,2,0%,35
განშორების შფოთვა,0,2,0%,37
რა შველის დეპრესიას,0,2,0%,39.5
უძილობა შფოთვა,0,2,0%,52
depresia,0,2,0%,60
kp,0,1,0%,2
მილგრამის ექსპერიმენტი,0,1,0%,5
სოციალური ფობია,0,1,0%,7
ფსიქოლოგიური წიგნი,0,1,0%,7
antidepresanti nosaukumi,0,1,0%,8
მრავალმხრივი ინტელექტის თეორია,0,1,0%,8
ურთიერთობის ფსიქოლოგია წიგნი,0,1,0%,8
ფსიქოლოგიის წიგნები,0,1,0%,8
შიშის დაძლევა,0,1,0%,8
დეპრესიის საწინააღმდეგო წამლები,0,1,0%,9
ფსიქოლოგიის შესავალი,0,1,0%,9
ანტი დეპრესანტი,0,1,0%,10
გარდნერის თეორია,0,1,0%,10
შფოთვის საწინააღმდეგო პრეპარატი,0,1,0%,20
დეპრესია მკურნალობა,0,1,0%,21
ფსიქოლოგია წიგნი,0,1,0%,22
ფსიქოლოგია და ცხოვრება ყიდვა,0,1,0%,25
გავლენა დარწმუნების ფსიქოლოგია,0,1,0%,28
ბალახეული ანტიდეპრესანტები,0,1,0%,29
კოგნიტური პროცესები,0,1,0%,35
დახურული სივრცის შიში,0,1,0%,51
ადამიანის ფსიქოლოგია,0,1,0%,53
გასაუბრებაზე დასმული კითხვები,0,1,0%,56